<?xml version="1.0" encoding="UTF-8" ?> 
<Project version="0.9" vendor="MikroTik" extend="../0_devicepanel/0_devicepanel.xml" xmlns="com.h3c.imc.ext" xmlns:xsi="http://www.w3.org/2001/XMLSchema-instance" xsi:schemaLocation="com.h3c.imc.ext ../devicepanel.xsd">
    <List name="Chassis" value="3">
        <Templ name="RouterRB2011IL" vendortype="1.3.6.1.4.1.14988.1" mib="ifTable" img="MikroTikRouter.JPG" w="706" h="124" status="portCommonStatus" descr="MikroTik Router RB2011ILL">
            <Element entClass="Port" vendortype="" x="151" y="73" index="1"/>
            <Element entClass="Port" vendortype="" x="194" y="73" index="2"/>
            <Element entClass="Port" vendortype="" x="237" y="73" index="3"/>
            <Element entClass="Port" vendortype="" x="278" y="71" index="4"/>
            <Element entClass="Port" vendortype="" x="322" y="72" index="5"/>
            <Element entClass="Port" vendortype="" x="470" y="75" index="6"/>
            <Element entClass="Port" vendortype="" x="512" y="73" index="7"/>
            <Element entClass="Port" vendortype="" x="552" y="73" index="8"/>
            <Element entClass="Port" vendortype="" x="595" y="75" index="9"/>
            <Element entClass="Port" vendortype="" x="640" y="76" index="10"/>
        </Templ>
    </List>
    <List name="Module" value="9"/>
    <List name="Port" value="10"/>
    <List name="PowerSupply" value="6"/>
    <List name="Fan" value="7"/>
    <List name="Other" value="1"/>
</Project>
