<?xml version="1.0" encoding="UTF-8"?>
<!--this file is for user to add port filtering rules.-->
<Port>
	<!--Ports with ifTypes below will not be shown on the panel.-->
	<ifTypeUnShown>
		<element type="1"/>
		<element type="112"/>
		<element type="135"/>
		<element type="136"/>
		<element type="137"/>
		<element type="149"/>
		<element type="150"/>
		<element type="161"/>
	</ifTypeUnShown>
	<!--Ports with ifDescrs below will not be shown on the panel.-->
	<ifDescrUnShown>
		<element descr="VLAN"/>
		<element descr="NULL"/>
		<element descr="VIRTUAL"/>
		<element descr="LOOPBACK"/>
		<element descr="BRIDGE-AGGREGATION"/>
		<element descr="."/>
		<element descr=":"/>
		<element descr=""/>
	</ifDescrUnShown>
	<!--Ports with ifTypes below can be shown on the panel. If this rule is not blank, rules for not shown will be not used.-->
	<ifTypeShown>
		<element type="6"/>
		<element type="117"/>
	</ifTypeShown>
	<!--Ports with ifDescrs below can be shown on the panel. If this rule is not blank, rules for not shown will be not used.-->
	<ifDescrShown>
		<element descr="Ethernet"/>
	</ifDescrShown>
</Port>